<?xml version="1.0" encoding="UTF-8"?>
<project-private xmlns="http://www.netbeans.org/ns/project-private/1">
    <editor-bookmarks xmlns="http://www.netbeans.org/ns/editor-bookmarks/2" lastBookmarkId="1">
        <file>
            <url>web/admin.jsp</url>
            <bookmark id="1">
                <name/>
                <line>285</line>
                <key/>
            </bookmark>
        </file>
    </editor-bookmarks>
    <open-files xmlns="http://www.netbeans.org/ns/projectui-open-files/2">
        <group>
            <file>file:/C:/Users/admin/Desktop/Book_Store/Project_PRJ_SP25/web/admin.jsp</file>
            <file>file:/C:/Users/admin/Desktop/Book_Store/Project_PRJ_SP25/web/adminFooter.jsp</file>
            <file>file:/C:/Users/admin/Desktop/Book_Store/Project_PRJ_SP25/web/adminNavigation.jsp</file>
        </group>
    </open-files>
</project-private>
